--
-- File generated with SQLiteStudio v3.2.1 on Tue Jan 12 18:51:48 2021
--
-- Text encoding used: UTF-8
--
PRAGMA foreign_keys = off;
BEGIN TRANSACTION;

-- Table: ACTIVITY
CREATE TABLE ACTIVITY
(
    activity_id INTEGER PRIMARY KEY AUTOINCREMENT, 
    id_user int, tip varchar(50), querry VARCHAR(256), id_carte int, data date
);
INSERT INTO ACTIVITY (activity_id, id_user, tip, querry, id_carte, data) VALUES (12, 1, 'DOWNLOAD', NULL, 27, '2021-01-12');

-- Table: BOOKS
CREATE TABLE "BOOKS" (id_carte integer primary key autoincrement, Titlu varchar(60), Autor varchar(60), Gen varchar(30), ISBN varchar(20), an int, rating int);
INSERT INTO BOOKS (id_carte, Titlu, Autor, Gen, ISBN, an, rating) VALUES (27, 'INTEL IA32', 'INTEL', 'SCIENCE', '1-2-3-4324-12', 2020, 4.66667);
INSERT INTO BOOKS (id_carte, Titlu, Autor, Gen, ISBN, an, rating) VALUES (28, 'Artificial intelligence', 'D. Nick', 'SCIENCE', '1-2-3-4324-12', 2020, 3.33333);
INSERT INTO BOOKS (id_carte, Titlu, Autor, Gen, ISBN, an, rating) VALUES (29, 'Genetic algorithms tryout', 'Modoranu Cosmin', 'PSEUDOSCIENCE;SCIENCE', '1-2-3-4324-12', 2020, 4.5);
INSERT INTO BOOKS (id_carte, Titlu, Autor, Gen, ISBN, an, rating) VALUES (30, ' The Heat of the Void', 'Adelina Beltran', 'NOVEL', '1-2-3-4324-12', 2020, 0);
INSERT INTO BOOKS (id_carte, Titlu, Autor, Gen, ISBN, an, rating) VALUES (31, ' The Difficult Prophecy', 'Casey Petersen', 'WESTERN', '1-2-3-4324-12', 2020, 4);
INSERT INTO BOOKS (id_carte, Titlu, Autor, Gen, ISBN, an, rating) VALUES (32, ' Unwilling Rush', 'Ela Roy', 'DRAMA', '1-2-3-4324-12', 2020, 0);
INSERT INTO BOOKS (id_carte, Titlu, Autor, Gen, ISBN, an, rating) VALUES (33, ' Renegade Confidential', 'Gia Prince', 'SCI-FI', '1-2-3-4324-12', 2020, 4);
INSERT INTO BOOKS (id_carte, Titlu, Autor, Gen, ISBN, an, rating) VALUES (34, ' The Warlord of the Cobra', 'Caine Felix', 'JOURNAL', '1-2-3-4324-12', 2020, 0);
INSERT INTO BOOKS (id_carte, Titlu, Autor, Gen, ISBN, an, rating) VALUES (35, ' Baron of Destruction', 'Luka Goddard', 'CRIME', '1-2-3-4324-12', 2020, 4.5);
INSERT INTO BOOKS (id_carte, Titlu, Autor, Gen, ISBN, an, rating) VALUES (36, ' Body Targets', 'Nikhil Cordova', 'WESTERN', '1-2-3-4324-12', 2020, 3.5);
INSERT INTO BOOKS (id_carte, Titlu, Autor, Gen, ISBN, an, rating) VALUES (37, ' Kentucky Threads', 'Fabian Shea', 'DRAMA', '1-2-3-4324-12', 2020, 0);
INSERT INTO BOOKS (id_carte, Titlu, Autor, Gen, ISBN, an, rating) VALUES (38, ' Stay Fatal', 'Bentley Klein', 'JOURNAL', '1-2-3-4324-12', 2020, 0);
INSERT INTO BOOKS (id_carte, Titlu, Autor, Gen, ISBN, an, rating) VALUES (39, ' Halo in Passion', 'Zakaria Diaz', 'SCI-FI', '1-2-3-4324-12', 2020, 3.5);
INSERT INTO BOOKS (id_carte, Titlu, Autor, Gen, ISBN, an, rating) VALUES (40, ' Impossible Dice', 'Tilly Reilly', 'SCI-FI', '1-2-3-4324-12', 2020, 5);
INSERT INTO BOOKS (id_carte, Titlu, Autor, Gen, ISBN, an, rating) VALUES (41, ' The Winter Horses', 'Gina Mill', 'JOURNAL', '1-2-3-4324-12', 2020, 0);
INSERT INTO BOOKS (id_carte, Titlu, Autor, Gen, ISBN, an, rating) VALUES (42, ' Spellbound and Nightfall', 'Elliott Gay', 'SCI-FI', '1-2-3-4324-12', 2020, 4);
INSERT INTO BOOKS (id_carte, Titlu, Autor, Gen, ISBN, an, rating) VALUES (43, ' Planet in the Rain', 'Alma Coleman', 'POETRY', '1-2-3-4324-12', 2020, 0);
INSERT INTO BOOKS (id_carte, Titlu, Autor, Gen, ISBN, an, rating) VALUES (44, ' Finding the King', 'Meera Dorsey', 'SCI-FI', '1-2-3-4324-12', 2020, 4.5);
INSERT INTO BOOKS (id_carte, Titlu, Autor, Gen, ISBN, an, rating) VALUES (45, ' Vengeance on Jessie', 'Yasmeen Dunkley', 'CRIME', '1-2-3-4324-12', 2020, 5);
INSERT INTO BOOKS (id_carte, Titlu, Autor, Gen, ISBN, an, rating) VALUES (46, ' The Slave Outlaw', 'Kayla Mcdermott', 'CRIME', '1-2-3-4324-12', 2020, 4);
INSERT INTO BOOKS (id_carte, Titlu, Autor, Gen, ISBN, an, rating) VALUES (47, ' Murder on the Run', 'Mikaela Shaffer', 'POETRY', '1-2-3-4324-12', 2020, 0);
INSERT INTO BOOKS (id_carte, Titlu, Autor, Gen, ISBN, an, rating) VALUES (48, ' The Rawhide Letter', 'Maizie Wheeler', 'NOVEL', '1-2-3-4324-12', 2020, 0);
INSERT INTO BOOKS (id_carte, Titlu, Autor, Gen, ISBN, an, rating) VALUES (49, ' The Screen Breed', 'Aleeza Haney', 'SCI-FI', '1-2-3-4324-12', 2020, 5);
INSERT INTO BOOKS (id_carte, Titlu, Autor, Gen, ISBN, an, rating) VALUES (50, ' The Girl and the Boss', 'Tahlia Burch', 'SCI-FI', '1-2-3-4324-12', 2020, 3);
INSERT INTO BOOKS (id_carte, Titlu, Autor, Gen, ISBN, an, rating) VALUES (51, ' Gamble of Grass', 'Cassian Carson', 'SCIENCE', '1-2-3-4324-12', 2020, 4.5);
INSERT INTO BOOKS (id_carte, Titlu, Autor, Gen, ISBN, an, rating) VALUES (52, ' Pure Sally', 'Nusaybah Beck', 'SCIENCE', '1-2-3-4324-12', 2020, 3.66667);
INSERT INTO BOOKS (id_carte, Titlu, Autor, Gen, ISBN, an, rating) VALUES (53, ' The Winter of the Land', 'Samir Rich', 'TEXTBOOK', '1-2-3-4324-12', 2020, 0);
INSERT INTO BOOKS (id_carte, Titlu, Autor, Gen, ISBN, an, rating) VALUES (54, ' Invisible Sins', 'Dougie Shaw', 'SCIENCE', '1-2-3-4324-12', 2020, 4.75);
INSERT INTO BOOKS (id_carte, Titlu, Autor, Gen, ISBN, an, rating) VALUES (55, ' Grace of', 'Aeryn Enriquez', 'DRAMA', '1-2-3-4324-12', 2020, 0);
INSERT INTO BOOKS (id_carte, Titlu, Autor, Gen, ISBN, an, rating) VALUES (56, ' Expectant Strength', 'Beverly Glass', 'POETRY', '1-2-3-4324-12', 2020, 0);
INSERT INTO BOOKS (id_carte, Titlu, Autor, Gen, ISBN, an, rating) VALUES (57, ' Cage of Blossoms', 'Kaira Hodson', 'DRAMA', '1-2-3-4324-12', 2020, 0);
INSERT INTO BOOKS (id_carte, Titlu, Autor, Gen, ISBN, an, rating) VALUES (58, ' The Fractal Mandala', 'Mara Lambert', 'SCI-FI', '1-2-3-4324-12', 2020, 3);
INSERT INTO BOOKS (id_carte, Titlu, Autor, Gen, ISBN, an, rating) VALUES (59, ' The Angel of the Captive', 'Elowen Rhodes', 'NOVEL', '1-2-3-4324-12', 2020, 0);
INSERT INTO BOOKS (id_carte, Titlu, Autor, Gen, ISBN, an, rating) VALUES (60, ' Crown in Valor', 'Julius Mcphee', 'DRAMA', '1-2-3-4324-12', 2020, 0);
INSERT INTO BOOKS (id_carte, Titlu, Autor, Gen, ISBN, an, rating) VALUES (61, ' Mummy and the Gentleman', 'Usama Humphrey', 'CRIME', '1-2-3-4324-12', 2020, 4.5);
INSERT INTO BOOKS (id_carte, Titlu, Autor, Gen, ISBN, an, rating) VALUES (62, ' Promise by Love', 'Arjun Shepherd', 'SCIENCE', '1-2-3-4324-12', 2020, 4.5);
INSERT INTO BOOKS (id_carte, Titlu, Autor, Gen, ISBN, an, rating) VALUES (63, ' Crystal Girls', 'Isabelle Aguirre', 'WESTERN', '1-2-3-4324-12', 2020, 5);
INSERT INTO BOOKS (id_carte, Titlu, Autor, Gen, ISBN, an, rating) VALUES (64, ' Generation of Jaguar', 'Sanya Choi', 'DRAMA', '1-2-3-4324-12', 2020, 0);
INSERT INTO BOOKS (id_carte, Titlu, Autor, Gen, ISBN, an, rating) VALUES (65, ' Nightmare Talisman', 'Arandeep Winters', 'SCI-FI', '1-2-3-4324-12', 2020, 4);
INSERT INTO BOOKS (id_carte, Titlu, Autor, Gen, ISBN, an, rating) VALUES (66, ' Trojan Berlin', 'Megan Meyer', 'JOURNAL', '1-2-3-4324-12', 2020, 0);
INSERT INTO BOOKS (id_carte, Titlu, Autor, Gen, ISBN, an, rating) VALUES (67, ' The Vengeance Lion', 'Sylvie Sosa', 'NOVEL', '1-2-3-4324-12', 2020, 0);
INSERT INTO BOOKS (id_carte, Titlu, Autor, Gen, ISBN, an, rating) VALUES (68, 'Manual', 'Nick', 'Science', '1-2-3-4', 2020, 4);
INSERT INTO BOOKS (id_carte, Titlu, Autor, Gen, ISBN, an, rating) VALUES (69, 'CPU_ARCHITECTURE', 'Nelu', 'Textbook', '1-2-3-4-5-6', 2020, 0);

-- Table: GENRES
CREATE TABLE GENRES(id_carte int, gen varchar(60));
INSERT INTO GENRES (id_carte, gen) VALUES (23, 'gen1;gen2;gen3');
INSERT INTO GENRES (id_carte, gen) VALUES (24, 'gen1');
INSERT INTO GENRES (id_carte, gen) VALUES (24, 'gen2');
INSERT INTO GENRES (id_carte, gen) VALUES (24, 'gen3');
INSERT INTO GENRES (id_carte, gen) VALUES (24, 'GEN4');
INSERT INTO GENRES (id_carte, gen) VALUES (24, 'Adventure');
INSERT INTO GENRES (id_carte, gen) VALUES (24, 'Adventure');
INSERT INTO GENRES (id_carte, gen) VALUES (24, 'Adventure');
INSERT INTO GENRES (id_carte, gen) VALUES (24, 'Adventure');
INSERT INTO GENRES (id_carte, gen) VALUES (24, 'Adventure');
INSERT INTO GENRES (id_carte, gen) VALUES (24, 'Adventure');
INSERT INTO GENRES (id_carte, gen) VALUES (24, 'Adventure');
INSERT INTO GENRES (id_carte, gen) VALUES (24, 'Action');
INSERT INTO GENRES (id_carte, gen) VALUES (24, 'Motivational');
INSERT INTO GENRES (id_carte, gen) VALUES (25, 'Adventure');
INSERT INTO GENRES (id_carte, gen) VALUES (25, 'Action');
INSERT INTO GENRES (id_carte, gen) VALUES (25, 'Motivational');
INSERT INTO GENRES (id_carte, gen) VALUES (26, 'Adventure');
INSERT INTO GENRES (id_carte, gen) VALUES (26, 'Action');
INSERT INTO GENRES (id_carte, gen) VALUES (26, 'Motivational');
INSERT INTO GENRES (id_carte, gen) VALUES (27, 'SCIENCE');
INSERT INTO GENRES (id_carte, gen) VALUES (28, 'SCIENCE');
INSERT INTO GENRES (id_carte, gen) VALUES (29, 'PSEUDOSCIENCE;SCIENCE');
INSERT INTO GENRES (id_carte, gen) VALUES (30, 'NOVEL');
INSERT INTO GENRES (id_carte, gen) VALUES (31, 'WESTERN');
INSERT INTO GENRES (id_carte, gen) VALUES (32, 'DRAMA');
INSERT INTO GENRES (id_carte, gen) VALUES (33, 'SCI-FI');
INSERT INTO GENRES (id_carte, gen) VALUES (33, 'SCI-FI');
INSERT INTO GENRES (id_carte, gen) VALUES (34, 'JOURNAL');
INSERT INTO GENRES (id_carte, gen) VALUES (35, 'CRIME');
INSERT INTO GENRES (id_carte, gen) VALUES (36, 'WESTERN');
INSERT INTO GENRES (id_carte, gen) VALUES (37, 'DRAMA');
INSERT INTO GENRES (id_carte, gen) VALUES (37, 'SCI-FI');
INSERT INTO GENRES (id_carte, gen) VALUES (38, 'JOURNAL');
INSERT INTO GENRES (id_carte, gen) VALUES (38, 'POETRY');
INSERT INTO GENRES (id_carte, gen) VALUES (39, 'SCI-FI');
INSERT INTO GENRES (id_carte, gen) VALUES (40, 'SCI-FI');
INSERT INTO GENRES (id_carte, gen) VALUES (41, 'JOURNAL');
INSERT INTO GENRES (id_carte, gen) VALUES (42, 'SCI-FI');
INSERT INTO GENRES (id_carte, gen) VALUES (43, 'POETRY');
INSERT INTO GENRES (id_carte, gen) VALUES (44, 'SCI-FI');
INSERT INTO GENRES (id_carte, gen) VALUES (45, 'CRIME');
INSERT INTO GENRES (id_carte, gen) VALUES (46, 'CRIME');
INSERT INTO GENRES (id_carte, gen) VALUES (47, 'POETRY');
INSERT INTO GENRES (id_carte, gen) VALUES (48, 'NOVEL');
INSERT INTO GENRES (id_carte, gen) VALUES (48, 'BALLAD');
INSERT INTO GENRES (id_carte, gen) VALUES (49, 'SCI-FI');
INSERT INTO GENRES (id_carte, gen) VALUES (50, 'SCI-FI');
INSERT INTO GENRES (id_carte, gen) VALUES (50, 'SCIENCE');
INSERT INTO GENRES (id_carte, gen) VALUES (51, 'SCIENCE');
INSERT INTO GENRES (id_carte, gen) VALUES (52, 'SCIENCE');
INSERT INTO GENRES (id_carte, gen) VALUES (53, 'TEXTBOOK');
INSERT INTO GENRES (id_carte, gen) VALUES (54, 'SCIENCE');
INSERT INTO GENRES (id_carte, gen) VALUES (55, 'DRAMA');
INSERT INTO GENRES (id_carte, gen) VALUES (56, 'POETRY');
INSERT INTO GENRES (id_carte, gen) VALUES (57, 'DRAMA');
INSERT INTO GENRES (id_carte, gen) VALUES (58, 'SCI-FI');
INSERT INTO GENRES (id_carte, gen) VALUES (59, 'NOVEL');
INSERT INTO GENRES (id_carte, gen) VALUES (60, 'DRAMA');
INSERT INTO GENRES (id_carte, gen) VALUES (61, 'CRIME');
INSERT INTO GENRES (id_carte, gen) VALUES (61, 'CRIME');
INSERT INTO GENRES (id_carte, gen) VALUES (62, 'SCIENCE');
INSERT INTO GENRES (id_carte, gen) VALUES (63, 'WESTERN');
INSERT INTO GENRES (id_carte, gen) VALUES (64, 'DRAMA');
INSERT INTO GENRES (id_carte, gen) VALUES (65, 'SCI-FI');
INSERT INTO GENRES (id_carte, gen) VALUES (66, 'JOURNAL');
INSERT INTO GENRES (id_carte, gen) VALUES (67, 'NOVEL');
INSERT INTO GENRES (id_carte, gen) VALUES (68, 'Science');
INSERT INTO GENRES (id_carte, gen) VALUES (69, 'Textbook');
INSERT INTO GENRES (id_carte, gen) VALUES (69, 'Science');

-- Table: RATING
CREATE TABLE RATING(id_carte int, id_user int, rating real);
INSERT INTO RATING (id_carte, id_user, rating) VALUES (68, 1, 5.0);
INSERT INTO RATING (id_carte, id_user, rating) VALUES (27, 1, 5.0);
INSERT INTO RATING (id_carte, id_user, rating) VALUES (51, 1, 4.0);
INSERT INTO RATING (id_carte, id_user, rating) VALUES (54, 1, 5.0);
INSERT INTO RATING (id_carte, id_user, rating) VALUES (62, 1, 5.0);
INSERT INTO RATING (id_carte, id_user, rating) VALUES (29, 1, 5.0);
INSERT INTO RATING (id_carte, id_user, rating) VALUES (27, 2, 5.0);
INSERT INTO RATING (id_carte, id_user, rating) VALUES (28, 2, 4.0);
INSERT INTO RATING (id_carte, id_user, rating) VALUES (29, 2, 4.0);
INSERT INTO RATING (id_carte, id_user, rating) VALUES (51, 2, 4.0);
INSERT INTO RATING (id_carte, id_user, rating) VALUES (52, 2, 4.0);
INSERT INTO RATING (id_carte, id_user, rating) VALUES (54, 2, 4.0);
INSERT INTO RATING (id_carte, id_user, rating) VALUES (62, 2, 4.0);
INSERT INTO RATING (id_carte, id_user, rating) VALUES (68, 2, 4.0);
INSERT INTO RATING (id_carte, id_user, rating) VALUES (35, 2, 4.0);
INSERT INTO RATING (id_carte, id_user, rating) VALUES (61, 2, 5.0);
INSERT INTO RATING (id_carte, id_user, rating) VALUES (31, 2, 5.0);
INSERT INTO RATING (id_carte, id_user, rating) VALUES (63, 2, 5.0);
INSERT INTO RATING (id_carte, id_user, rating) VALUES (36, 2, 5.0);
INSERT INTO RATING (id_carte, id_user, rating) VALUES (31, 3, 3.0);
INSERT INTO RATING (id_carte, id_user, rating) VALUES (36, 3, 2.0);
INSERT INTO RATING (id_carte, id_user, rating) VALUES (63, 3, 5.0);
INSERT INTO RATING (id_carte, id_user, rating) VALUES (35, 3, 5.0);
INSERT INTO RATING (id_carte, id_user, rating) VALUES (45, 3, 5.0);
INSERT INTO RATING (id_carte, id_user, rating) VALUES (46, 3, 4.0);
INSERT INTO RATING (id_carte, id_user, rating) VALUES (61, 3, 4.0);
INSERT INTO RATING (id_carte, id_user, rating) VALUES (28, 3, 3.0);
INSERT INTO RATING (id_carte, id_user, rating) VALUES (29, 3, 5.0);
INSERT INTO RATING (id_carte, id_user, rating) VALUES (51, 3, 5.0);
INSERT INTO RATING (id_carte, id_user, rating) VALUES (52, 3, 5.0);
INSERT INTO RATING (id_carte, id_user, rating) VALUES (54, 3, 5.0);
INSERT INTO RATING (id_carte, id_user, rating) VALUES (62, 3, 5.0);
INSERT INTO RATING (id_carte, id_user, rating) VALUES (68, 3, 5.0);
INSERT INTO RATING (id_carte, id_user, rating) VALUES (33, 3, 4.0);
INSERT INTO RATING (id_carte, id_user, rating) VALUES (39, 3, 4.0);
INSERT INTO RATING (id_carte, id_user, rating) VALUES (40, 3, 5.0);
INSERT INTO RATING (id_carte, id_user, rating) VALUES (44, 3, 5.0);
INSERT INTO RATING (id_carte, id_user, rating) VALUES (49, 3, 5.0);
INSERT INTO RATING (id_carte, id_user, rating) VALUES (50, 3, 5.0);
INSERT INTO RATING (id_carte, id_user, rating) VALUES (58, 3, 3.0);
INSERT INTO RATING (id_carte, id_user, rating) VALUES (65, 3, 3.0);
INSERT INTO RATING (id_carte, id_user, rating) VALUES (27, 0, 4.0);
INSERT INTO RATING (id_carte, id_user, rating) VALUES (28, 0, 3.0);
INSERT INTO RATING (id_carte, id_user, rating) VALUES (29, 0, 4.0);
INSERT INTO RATING (id_carte, id_user, rating) VALUES (51, 0, 5.0);
INSERT INTO RATING (id_carte, id_user, rating) VALUES (52, 0, 2.0);
INSERT INTO RATING (id_carte, id_user, rating) VALUES (54, 0, 5.0);
INSERT INTO RATING (id_carte, id_user, rating) VALUES (62, 0, 4.0);
INSERT INTO RATING (id_carte, id_user, rating) VALUES (68, 0, 2.0);
INSERT INTO RATING (id_carte, id_user, rating) VALUES (33, 0, 4.0);
INSERT INTO RATING (id_carte, id_user, rating) VALUES (39, 0, 3.0);
INSERT INTO RATING (id_carte, id_user, rating) VALUES (40, 0, 5.0);
INSERT INTO RATING (id_carte, id_user, rating) VALUES (42, 0, 4.0);
INSERT INTO RATING (id_carte, id_user, rating) VALUES (44, 0, 4.0);
INSERT INTO RATING (id_carte, id_user, rating) VALUES (49, 0, 5.0);
INSERT INTO RATING (id_carte, id_user, rating) VALUES (50, 0, 1.0);
INSERT INTO RATING (id_carte, id_user, rating) VALUES (58, 0, 3.0);
INSERT INTO RATING (id_carte, id_user, rating) VALUES (65, 0, 5.0);

-- Table: STORAGE
CREATE TABLE STORAGE(id_carte int, name VARCHAR(256));
INSERT INTO STORAGE (id_carte, name) VALUES (27, 'INTEL_IA32.PDF');
INSERT INTO STORAGE (id_carte, name) VALUES (28, 'Artificial_intelligence.pdf');
INSERT INTO STORAGE (id_carte, name) VALUES (29, 'Genetic_algorithms_tryout.pdf');
INSERT INTO STORAGE (id_carte, name) VALUES (30, 'The_Heat_of_the_Void.pdf');
INSERT INTO STORAGE (id_carte, name) VALUES (31, 'The_Difficult_Prophecy.pdf');
INSERT INTO STORAGE (id_carte, name) VALUES (32, 'Unwilling_Rush.pdf');
INSERT INTO STORAGE (id_carte, name) VALUES (33, 'Renegade_Confidential.pdf');
INSERT INTO STORAGE (id_carte, name) VALUES (34, 'The_Warlord_of_the_Cobra.pdf');
INSERT INTO STORAGE (id_carte, name) VALUES (35, 'Baron_of_Destruction.pdf');
INSERT INTO STORAGE (id_carte, name) VALUES (36, 'Body_Targets.pdf');
INSERT INTO STORAGE (id_carte, name) VALUES (37, 'Kentucky_Threads.pdf');
INSERT INTO STORAGE (id_carte, name) VALUES (38, 'Stay_Fatal.pdf');
INSERT INTO STORAGE (id_carte, name) VALUES (39, 'Halo_in_Passion.pdf');
INSERT INTO STORAGE (id_carte, name) VALUES (40, 'Impossible_Dice.pdf');
INSERT INTO STORAGE (id_carte, name) VALUES (41, 'The_Winter_Horses.pdf');
INSERT INTO STORAGE (id_carte, name) VALUES (42, 'Spellbound_and_Nightfall.pdf');
INSERT INTO STORAGE (id_carte, name) VALUES (43, 'Planet_in_the_Rain.pdf');
INSERT INTO STORAGE (id_carte, name) VALUES (44, 'Finding_the_King.pdf');
INSERT INTO STORAGE (id_carte, name) VALUES (45, 'Vengeance_on_Jessie.pdf');
INSERT INTO STORAGE (id_carte, name) VALUES (46, 'The_Slave_Outlaw.pdf');
INSERT INTO STORAGE (id_carte, name) VALUES (47, 'Murder_on_the_Run.pdf');
INSERT INTO STORAGE (id_carte, name) VALUES (48, 'The_Rawhide_Letter.pdf');
INSERT INTO STORAGE (id_carte, name) VALUES (49, 'The_Screen_Breed.pdf');
INSERT INTO STORAGE (id_carte, name) VALUES (50, 'The_Girl_and_the_Boss.pdf');
INSERT INTO STORAGE (id_carte, name) VALUES (51, 'Gamble_of_Grass.pdf');
INSERT INTO STORAGE (id_carte, name) VALUES (52, 'Pure_Sally.pdf');
INSERT INTO STORAGE (id_carte, name) VALUES (53, 'The_Winter_of_the_Land.pdf');
INSERT INTO STORAGE (id_carte, name) VALUES (54, 'Invisible_Sins.pdf');
INSERT INTO STORAGE (id_carte, name) VALUES (55, 'Grace_of.pdf');
INSERT INTO STORAGE (id_carte, name) VALUES (56, 'Expectant_Strength.pdf');
INSERT INTO STORAGE (id_carte, name) VALUES (57, 'Cage_of_Blossoms.pdf');
INSERT INTO STORAGE (id_carte, name) VALUES (58, 'The_Fractal_Mandala.pdf');
INSERT INTO STORAGE (id_carte, name) VALUES (59, 'The_Angel_of_the_Captive.pdf');
INSERT INTO STORAGE (id_carte, name) VALUES (60, 'Crown_in_Valor.pdf');
INSERT INTO STORAGE (id_carte, name) VALUES (61, 'Mummy_and_the_Gentleman.pdf');
INSERT INTO STORAGE (id_carte, name) VALUES (62, 'Promise_by_Love.pdf');
INSERT INTO STORAGE (id_carte, name) VALUES (63, 'Crystal_Girls.pdf');
INSERT INTO STORAGE (id_carte, name) VALUES (64, 'Generation_of_Jaguar.pdf');
INSERT INTO STORAGE (id_carte, name) VALUES (65, 'Nightmare_Talisman.pdf');
INSERT INTO STORAGE (id_carte, name) VALUES (66, 'Trojan_Berlin.pdf');
INSERT INTO STORAGE (id_carte, name) VALUES (67, 'The_Vengeance_Lion.pdf');
INSERT INTO STORAGE (id_carte, name) VALUES (68, 'Manual68.pdf');
INSERT INTO STORAGE (id_carte, name) VALUES (69, 'CPU_ARCHITECTURE69.pdf');

-- Table: USERS
CREATE TABLE USERS(nick VARCHAR(64), email VARCHAR(64), authHash VARCHAR(64), role INT, id_user int);
INSERT INTO USERS (nick, email, authHash, role, id_user) VALUES ('Nick', 'z@adminRP.com', 'dfec38dc38d826023f711a4b8eae94f9e123b1c7c952bc255788c9ce583c79c7', 999, 0);
INSERT INTO USERS (nick, email, authHash, role, id_user) VALUES ('Cosmin', 'c@Z4KMAIL.com', 'dfec38dc38d826023f711a4b8eae94f9e123b1c7c952bc255788c9ce583c79c7', 1, 1);
INSERT INTO USERS (nick, email, authHash, role, id_user) VALUES ('Ionut', 'i@Z4KMAIL.com', '40510175845988f13f6162ed8526f0b09f73384467fa855e1e79b44a56562a58', 1, 2);
INSERT INTO USERS (nick, email, authHash, role, id_user) VALUES ('Cionut', 'ci@Z4KMAIL.com', '15197cf7214b58e67cae565e573ffd9aa44bcb81f8ee5d7185dfe8da0a16ef43', 1, 3);
INSERT INTO USERS (nick, email, authHash, role, id_user) VALUES ('user1', 'a@Z4KMAIL.com', 'dfec38dc38d826023f7183LPrMWCnxwDxHyCapmgYTypH3f54XqkLYfxhZvhUuKUP', 1, 4);
INSERT INTO USERS (nick, email, authHash, role, id_user) VALUES ('user2', 'b@Z4KMAIL.com', 'dfec38dc38d826023f7183LPrMWCnxwDxHyCapmgYTypH3f54XqkLYfxhZvhUuKUP', 1, 5);
INSERT INTO USERS (nick, email, authHash, role, id_user) VALUES ('user3', 'd@Z4KMAIL.com', 'dfec38dc38d826023f7183LPrMWCnxwDxHyCapmgYTypH3f54XqkLYfxhZvhUuKUP', 1, 6);
INSERT INTO USERS (nick, email, authHash, role, id_user) VALUES ('user4', 'e@Z4KMAIL.com', 'dfec38dc38d826023f7183LPrMWCnxwDxHyCapmgYTypH3f54XqkLYfxhZvhUuKUP', 1, 7);
INSERT INTO USERS (nick, email, authHash, role, id_user) VALUES ('user5', 'f@Z4KMAIL.com', 'dfec38dc38d826023f7183LPrMWCnxwDxHyCapmgYTypH3f54XqkLYfxhZvhUuKUP', 1, 8);
INSERT INTO USERS (nick, email, authHash, role, id_user) VALUES ('user6', 'g@Z4KMAIL.com', 'dfec38dc38d826023f7183LPrMWCnxwDxHyCapmgYTypH3f54XqkLYfxhZvhUuKUP', 1, 9);
INSERT INTO USERS (nick, email, authHash, role, id_user) VALUES ('user7', 'h@Z4KMAIL.com', 'dfec38dc38d826023f7183LPrMWCnxwDxHyCapmgYTypH3f54XqkLYfxhZvhUuKUP', 1, 10);

COMMIT TRANSACTION;
PRAGMA foreign_keys = on;
